Word,Frequency
Desi,1
Khaand,1
PethağŸ§¡ğŸ§¡,1
One,4
of,24
the,39
tastiest,1
petha,1
that,9
i,4
have,4
eatenğŸ‘ŒğŸ»ğŸ‘ŒğŸ»Available,1
at,6
Pracheen,2
Petha,2
Agra,1
You,1
can,4
order,1
on,12
9760049443#foodieincarnate,1
#sodelhi,7
#newdelhi,6
#foodtalkindia,8
#delhigram,7
#indianfood,8
#delhifoodblogger,13
#foodgasm,5
#foodporn,6
#foodpornshare,4
#foodlover,4
#foodgram,4
#foodiesofinstagram,4
#foodie,7
#indianstreetfood,5
#streetfood,8
#delhistreetfood,6
#streetfoodindia,4
#mumbaistreetfood,5
#delhifoodie,6
#foodblogger,12
#indianfoodie,6
#bulletlover,1
#indianfoodblogger,12
#indianfoodbloggers,14
#delhifood,6
#petha,2
#delhi,10
#agra,2
#mithai,2
Most,1
Unique,1
Flavours,1
PanipuriğŸ˜±ğŸ˜±Kindly,1
watch,1
full,7
video,3
for,17
location,1
price,2
&,6
other,1
detailsğŸ¤—ğŸ¤—#foodieincarnate,1
#desikhana,8
#mumbai,3
#nagpur,1
#panipuri,1
Iâ€™m,1
celebrating,1
day,3
our,8
constitution,1
came,1
into,2
effect,1
by,3
shopping,1
Amazonin,1
during,3
Great,2
Republic,1
Day,1
Sale,1
From,1
daily,1
essentials,1
apparel,1
to,19
smartphones,1
and,33
TVs,1
theyâ€™ve,1
got,1
it,9
all,2
Not,1
only,3
this,12
but,2
customers,1
also,1
save,1
more,2
getting,1
an,1
extra,1
10%,1
instant,1
discount,1
with,9
SBI,1
Credit,1
Cards,1
EMI,1
transactions,1
So,1
donâ€™t,1
wait,1
shop,2
your,6
hearts,1
out,2
as,4
offers,1
are,6
valid,1
till,1
20th,1
January,2
2022,2
#Foodieincarnate,1
#Collaboartion,1
#StayHomeStaySafe,1
#AmazonGreatRepublicDaySale,1
#BigSavingsForEveryone,1
If,1
am,2
choose,2
breakfast,3
from,12
one,4
city,1
rest,1
my,5
life,1
ill,1
Bangalores,1
without,1
any,1
second,1
thoughtâ¤â¤This,1
is,15
Shiva,1
Prasad,1
Tiffin,1
Center,1
in,17
Kempegowda,1
Nagar,1
Bengaluru,1
Every,1
single,1
dish,2
tried,2
here,2
was,5
too,2
delicious,2
just,2
Rs,2
26,1
idly-vada,1
plate,2
80,1
thali,1
,7
Add,1
owner,1
so,2
humble,1
welcoming,1
Must,1
visit,1
when,1
you,6
Bangaloreâ¤ğŸ‘ğŸ»#foodieincarnate,1
#desifood,2
#thali,1
#idli,1
#nammakarnataka,1
#nammabengaluru,1
#nammabangalore,1
#bangalorefood,1
#bangalorefoodie,1
#bangalorefoodblogger,1
#bengaluru,1
#bangalore,1
#karnataka,1
#delhifoodies,3
#southindianfood,1
#foodstagram,3
#instadaily,3
#foodmaniacindia,3
#instafood,2
#sobangalore,1
@jantadhabasidhauli,1
s,1
Famous,2
Topibaaj,1
ki,1
ChaiğŸ¤©ğŸ¤©ğŸ“Janta,1
Dhaba,1
Biswah,1
Chauraha,1
Sidhauli,1
Uttar,1
PradeshVisit,1
best,1
chai,1
snacks,1
experience,2
Lucknow,1
Sitapur,1
highwayğŸ¤—ğŸ¤—#foodieincarnate,1
#jantadhaba,1
#sidhauli,1
AgrağŸ˜³ğŸ˜³Watch,1
YouTube,8
channel,8
Link,2
bioğŸ¤—ğŸ¤—#Foodieincarnate,2
#Reelitfeelit,2
#reelkarofeelkaro,4
#reelsinstagram,11
#reels,11
#viralvideos,2
#viralfood,2
#explore,2
Choose,1
one:,1
Moong,2
Dal,2
Halwa,2
Gajar,2
ka,4
or,4
Gur,1
HalwağŸ¤—ğŸ¤—,1
All,2
three,1
made,5
desi,1
gheeğŸ˜‹ğŸ˜‹ğŸ“The,1
legendary,1
Madan,1
Lal,1
Halwai,1
since,1
1948,1
Sadar,1
Bazaar,1
New,2
Delhi#foodieincarnate,1
#food,3
#halwa,1
#gajarkahalwa,2
#olddelhi,1
#gajarhalwa,1
#indianrecipe,1
#moongdalhalwa,2
#dessert,2
#desserts,3
Winters,1
Favourite,1
HalwağŸ¤©ğŸ¤©ğŸ“Shagun,1
Sweets,1
Ambedkar,1
Road,3
Ghaziabad#foodieincarnate,1
Kali,1
HalwağŸ˜¯ğŸ˜¯Watch,1
#lucknow,1
good,2
things,1
wild,1
freeğŸŒğŸŒThrowback,1
amazing,2
time,2
spent,1
Sitabani,1
forest,1
Ramnagar,1
#foodieincarnate,1
#mountainscalling,1
#naturalstream,1
#amarsirohi,1
#mountainscape,1
#mountainsarecalling,1
#delhifoodbloggers,2
#delhibloggers,2
#staycation,1
#aahma,1
#hotelstay,1
#staycations,1
#foodbloggers,3
#lifestyleblogger,1
#delhiblogger,2
#mumbaiblogger,1
#kolkatablogger,1
#bangaloreblogger,1
#nainital,2
#nainitalblogger,1
#hotelblogger,1
#indianhotels,1
#delhihotels,1
Pizza,1
Style,1
Ultimate,1
Patty,1
Saurabh,1
Fast,1
Food,1
Bakery,1
Morena,1
Watch,4
episode,6
#dfwinmorena,1
#patty,1
#aloopatty,1
#snack,1
Crunchy,1
fluffy,1
spicy,2
dhuska,1
Jharkhand,1
Dhuska,1
Stall,1
Upper,1
Bazar,1
Ranchi,4
#dfwinjharkhand,1
#ranchi,3
#dhuska,1
#fritters,1
Last,1
year,2
we,2
went,1
Uttarakhandâ€™s,2
Jaunsar,4
Bawar,4
region,2
Magh,4
Maroj,4
festival,7
It,2
a,12
month-long,1
marked,1
animal,1
sacrifice,1
ritual,1
singing,1
dancing,1
feasting,1
most,1
importantly,1
visiting,1
kiths,1
kins,1
some,3
gifts,1
mostly,1
food,2
items,1
like,3
dried,2
meat,3
produce,1
farms,1
etc,2
Some,2
traditional,1
occasion,1
follows,1
:Â 1,1
ULWE,1
-,12
These,2
steamed,1
rice,3
cakes,1
stuffed,2
either,1
walnuts,2
hemp,2
perilla,2
seeds,4
based,2
sweet,1
mixture,1
lentil,1
mixtureÂ They,1
consumed,1
prior,1
main,2
2,6
KHICHDI,1
A,5
simple,2
urad,1
dal,1
topped,1
generous,1
amount,1
ghee,1
Kisar,1
(a,1
coarse,1
powder,1
seeds),1
3,3
BHUTWA,1
light,1
curry,2
goats,1
offal,1
everyday,1
spices,1
Either,1
they,3
roti,1
strain,1
pieces,1
then,1
mix,1
pisiyun,2
loon,2
snack,1
4,3
WOODFIRE,1
ROASTED,1
MEAT,1
(no,1
image),1
The,2
sacrificed,1
goat,1
cut,1
strips,1
inside,1
house,1
When,1
visitors,1
come,1
quickly,1
roasted,1
served,1
#dfwinuttarakhand,3
#jaunsari,4
#jaunsarbawar,4
#festival,4
#indianfestival,4
#indianculture,4
#maghmaroj,4
#mountains,5
#devbhoomiuttarakhand,4
#walkwithdfw,4
#walkwithanubhav,5
Spicy,1
buttery,1
veg,1
keema,1
kulcha,1
Aamritsari,1
Kulcha,1
Corner,1
Vikaspuri,1
Delhi,1
#cholekulche,1
#streetfooddelhi#westdelhistreetfood,1
#amritsarikulcha#walkwithdfw,1
Imarti,1
Artist,1
#imarti,1
#gwaliorstreetfood,1
Experiencing,1
Uttarakhand,1
featuring,1
intriguing,1
traditions,1
actions,1
related,1
celebrated,1
now,1
up,3
Click,1
link,1
bio,1
learn,1
about,2
unique,1
occasion#dfwinuttarakhand,1
celebration,1
Uttarakhands,1
dropping,1
tonight,1
Stay,1
tuned#dfwinuttarakhand,1
Jalebi,1
nahi,1
Jaleba,1
hai,1
yeh,1
#jalebi,1
#jaleba,1
à¤ªà¤¹à¤¾à¤¡à¤¼à¥€,1
à¤œà¤¼à¤¾à¤¯à¤•à¤¼à¤¾,1
@moksh_venture,1
#pahadifood,1
#moksha,1
#ghughute,1
#makarsankranti,1
#delhifoodwalks,1
Adrak,1
wali,1
chai>>>>,1
anythingğŸ˜TAG,1
SOMEONE,2
WHO,1
CANNOT,1
SURVIVE,1
WITHOUT,1
CHAIâ˜•ï¸#chailovers,1
#winters,3
#delhiwinters,1
#tea,1
#tealovers,1
#relatable,2
#delhiwale,1
#delhi_igers,5
#delhidiaries,2
Dint,1
realise,1
he,2
grew,1
fastğŸ¥º#trend,1
#trending,6
#golittlerockstar,1
#kids,2
#kidstagram,2
#toddler,1
Weather,1
calls,1
maggi,1
I,3
different,2
style,1
Trust,1
me,1
tastes,2
yummğŸ˜ğŸ¤¤Ingredients,1
need,2
make,2
--,2
1,6
cup,1
water-,1
chopped,2
tomatoes,1
ğŸ…-,1
5,1
garlic,4
cloves,1
ğŸ§„-,1
inch,1
ginger-,1
7,1
8,1
cashews-,1
dry,1
red,2
chillies,1
ğŸŒ¶,1
tbsp,6
cooking,1
oil-,2
1/2,2
tsp,6
garam,1
masala-,3
1/4,2
chat,1
Maggi,1
Salt,2
per,1
taste,1
Butter,2
ğŸ§ˆ-,1
Fresh,3
cream-,1
kasuri,1
methi-,1
Boiled,1
maggi-,1
Coriander,1
leaves,1
ğŸƒThis,1
packets,1
maggiğŸ#maggi,1
#recipe,2
#maggirecipes,1
#tasty,4
#feelkaroreelkaro,3
#feelitreelit,3
#foodphotography,1
#all_shots,2
#eatingfortheinsta,1
#foodcoma,2
#igfood,3
#foodphoto,1
#foodlovers,1
#viral,2
#comfortfood,1
Tried,1
cheese,2
Kurkure,1
momo,1
tasted,1
absolutely,2
delishğŸ¤¤â¤ï¸Location,1
end,1
videoâœ¨#Cheese,1
#FeelItReelIt,1
#ReelsVideo,1
#ReelsInstagram,1
#Momo,1
#Reel,1
#FeelKaroReelKaro,1
#Delhi_Igers,1
#DelhiDiaries,1
#Tasty,2
#All_Shots,1
#FoodBlogger,2
#DelhiBlogger,1
#Recipe,1
#RecipeVideo,1
#CheesePull,1
Isnâ€™t,1
cutestâ¤ï¸ğŸ˜˜Neer,1
always,1
gets,1
excited,1
pizza,1
his,1
buağŸ•#Pizza,1
#PizzaIsLife,1
#foodforthought,1
#Cheese,1
#Foodoftheday,1
#Picoftheday,1
#All_shots,1
#StayHome,1
#Foodphotography,1
#Comfortfood,1
#Delhi,1
#buzzfeedfood,3
#chicken,2
#fooddelivery,1
#yummy,2
Tag,2
friend,1
who,3
does,1
sameğŸ¤£,1
#reelitfeelit,5
#coffee,1
#relatablememe,1
#funny,2
#fun,2
#meme,1
pot,1
chilli,2
noodle,1
recipe,1
which,1
amazingğŸAll,1
flakes,1
sesame,2
vinegar,1
soya,1
sauce,1
tomato,1
ketchup,1
taste-,1
black,1
pepper,1
powder-,1
hot,1
Spring,1
onions,1
garnish,1
#noodles,1
#chilligarlic,1
#recipevideo,1
#spicy,1
#chilli,1
#yum,1
Definitely,1
paradise,1
tea,1
loverğŸ˜Tag,1
them,1
belowâ˜•ï¸#tea,1
#teagarden,1
#paradise,1
#tealover,1
#reelsindia,2
#minivlog,1
#teafactory,1
#travel,1
#travelgram,1
#serene,1
#organic,1
#teafarm,1
switched,1
frozen,1
yogurts,1
ice,1
creams,1
wintersğŸ˜,1
someone,1
would,1
love,3
try,5
thisğŸ§â¤ï¸#reels,1
#frozendessert,1
#yogurt,1
#icecream,1
#frozen,1
#diy,1
#fruits,2
#healthy,1
Been,1
there,1
done,1
thatğŸ¤£,1
TAG,1
jo,1
ab,1
bass,1
thoosta,1
rehta,1
haiğŸ¤ªğŸ˜‚#relatable,1
#relatablememes,1
#date,1
#lunchdate,1
Sizzling,1
Brownie,1
Icecream,1
ğŸ˜ğŸ˜Cafe,1
@snackingcafe,1
serves,1
Brownies,1
must,2
every,2
resident,1
KolkatağŸ¥°,1
(Bahaar,1
se,1
aake,1
bhi,1
khaa,1
sakte,1
ho,1
aapğŸ˜€)@target,1
Follow,5
@skipabite,27
â¤ï¸Follow,18
â¤ï¸#desserttable,1
#dessertbox,1
#dessertstagram,1
#dessertoftheday,1
#desserttime,1
#dessertfirst,1
#dessertpic,1
#sweetcake,1
#sweettreat,1
#kolkatafoodies,1
#foodforfoodies,2
#skipabite,10
#zingyzest,6
#foodiesince96,5
#brownieslover,1
#browniescake,1
#icecreamlover,1
#icecreams,1
#chocolatelover,1
#chocolatecakes,1
#chocoholic,1
#yummycakes,1
#bengal,1
#foodlust,1
#foodguide,1
#foodyfetish,1
#foodblog,6
This,1
platter,3
lip,1
smacking,1
ğŸ˜ğŸ˜ğŸ˜Tag,1
friends,1
eat,1
aloneğŸ˜@targetFollow,1
â¤ï¸#lucknowcity,1
#uttarpradeshtourism,1
#up,1
#foodhacks,2
#platter,2
#platters,1
#lipsmacking,1
#drooling,1
#palakpaneer,1
#dal,1
#paratha,1
#foodofindia,1
#instablog,4
#foodblogfeed,1
#localfood,1
#eatlocal,1
#foodielovers,1
#foodjustice,1
#foodventures,1
#foodvlog,1
#yummo,1
#yumilashes,1
French,1
Fries,1
Cheese,1
Balls,1
Veggie,1
rolls,1
Vada,1
Pav,2
Bites,1
allğŸ˜ğŸ˜ğŸ˜No,1
resist,1
sureğŸ¥º@target,1
â¤ï¸#friesğŸŸ,1
#veggie,1
#eatyourveggies,1
#mayo,1
#cheeseballs,1
#plattersofinstagram,1
#foodmania,1
#ketchup,1
#foryourpage,1
#foodieheaven,1
#foodieadventures,1
#healthyfoodie,1
#mumbaifoodie,1
#himachalpradesh,1
#soyummy,1
#trends,1
#foodsofinstagram,1
#picfood,1
#realfooding,1
#foodfeed,1
MERRY,1
CHRISTMAS,1
TO,1
YOU,1
ALL,1
FROM,1
THE,1
ENTIRE,1
TEAM,1
OF,1
SKIPABITEğŸ˜#christmas,1
#christmasdecorations,1
#christmas2020,1
#christmasdecor,1
#christmastree,1
#christmastime,1
#christmasiscoming,1
#christmaslights,1
#christmaseve,1
#christmascake,1
#stayhappy,1
#livingmybestlife,1
#ğŸ˜,1
Chicken,2
65,1
famâ¤ï¸ğŸ˜Thank,1
supporting,1
us,1
:)This,1
Sher-E-Punjab,1
restaurant,1
Kolaghat,1
West,1
Bengal,1
drive,1
2-2:30,1
hours,1
Kolkata,1
Do,1
sureğŸ˜@target,1
â¤ï¸,1
#chickenfajitas,1
#kolkatasutra,1
#chickenrecipes,1
#tastyrecipes,1
#kolaghat,1
#chickenlover,1
#chickendinner,1
#chickenwing,1
#winnerwinnerchickendinner,1
#malangfoodies,1
#westbengal,1
#igers,2
#foodlicious,1
#foodmaniac,1
#foodprnshare,1
#foodtrucks,1
#hkfoodblogger,1
#instablogger,1
#foodiesroma,1
#yummychicken,1
#chicken65,1
#amazing,1
Different,1
flavored,1
jamsğŸ˜ğŸ˜ğŸ˜All,1
jam,1
lovers,4
comment,4
downğŸ¤—@targetFollow,1
â¤ï¸#breadjam,1
#jams,1
#stawberry,1
#blackberry,1
#rashberry,1
#target,1
#shimladiaries,1
#bread,1
#package,1
#foodies,1
#eat,1
#eathealthy,1
#homemade,3
#brunch,1
#yummyfood,2
#indianblogger,1
#vegie,1
#vegan,1
#vegfood,1
#lefooding,1
#flavours,1
Todays,1
dinnerğŸ˜Paneer,1
Masala,1
RotiğŸ˜ğŸ˜Paneer,1
down@targetFollow,1
â¤ï¸#paneerrecipes,1
#paneer,1
#paneertikka,1
#paneerbuttermasala,1
#veganblogger,1
#foodblogging,2
#foodjourney,1
#foodquotes,1
#foodvibes,1
#foodgasam,1
#veganfoodblogger,1
#healthyfoodblogger,1
#foodnation,1
#fooding,1
#lovefood,1
#eatclean,1
#eatinghealthy,1
#dinner,1
#roti,1
tasty,1
yummy,1
breadğŸ˜ğŸ˜The,1
foodieğŸ˜ğŸ¤¤@target,1
â¤ï¸#cheeseplatter,1
#cheese,1
#breadbaking,1
#garlic,1
#garlicbread,1
#goa,1
#foodiegrams,1
#foodjunkie,1
#gurugram,1
#indiaphotography,1
#cheeselove,1
#homemadepizza,1
#olives,1
#corn,1
#foodstylingandphotography,1
#photodaily,1
#instastyle,1
#foodcravings,1
#veggies,1
#kolkatafoodblogger,1
BhaajiğŸ˜ğŸ¤¤ğŸ¤¤Recipe,1
coming,1
soon,1
â¤ï¸Pav,1
Bhaaji,1
downğŸ˜Follow,1
â¤ï¸#pavbhaji,1
#pav,1
#foodinsta,1
#instagramreels,3
#rÃ©el,1
#instareels,1
#instabloggers,1
#foodvideo,1
#foodisgood,1
#foodgallery,1
#delhifoodblog,1
#mumbaifood,1
#streetphotographyindia,1
#foodjournal,1
#foodshot,1
#healthyfoods,1
#healthycooking,1
#cooking,1
#homemadefood,1
#yummie,1
#foodrecipes,1
Delicious,1
Tikka,1
KebabsğŸ˜ğŸ˜All,1
chicken,2
hita,1
do,2
ğŸ˜ğŸ’¯@target,1
â¤ï¸#winnerwinnerchickendinner,1
#chickenbiryani,1
#kebab,1
#kebabs,1
#chickenkebab,1
#kabab,1
#mughlai,1
#instacuisine,1
#instadailypic,1
#hyderabad,1
#hyderabadblogger,1
#wholefoods,1
#instapost,1
#foodposts,1
#mumbaifoodblogger,1
#telangana,1
#foodietribe,1
#photographers_of_india,1
#indiancuisine,1
#chickenlegs,1
#foodbank,1
#foodisbae,1
#tikka,1
#foodreview,1
imported,1
fruitsdry,1
fruits,1
juice,1
chocolatessnacks,1
get,2
quality,1
products,2
ğŸ“New,1
Garden,1
Radium,1
Ranchi#foodranchi,1
#juice,1
@skyscapeclubandlounge,1
newest,1
rooftop,1
ğŸ˜Šâ™¥ï¸#foodranchi,1
Ghar,1
khana,1
matar,1
parathapaneer,1
omeletteyum,1
ğŸ˜‹#foodranchi,1
#ranchifoodblogger,1
#foodfood,1
#foodtalkmumbai,1
#indianfoodies,1
#foodindia,1
#india,2
#foodiesofindia,1
#instagram,2
#gharkakhana,1
Thanks,1
everyone,1
support,1
ğŸ˜Šâ™¥ï¸,1
special,1
thanks,1
@lakshaygoyal1199,1
velvet,1
cake,1
blessed,1
guys#foodranchi,1
#100k,1
#100kfollowers,1
@dhunkico,1
Best,1
party,2
place,2
Things,1
try-,1
Dhunki,1
basket,1
(veg/nonveg),1
kebab,1
babycorn,1
chillimaggi,1
balls,1
nd,1
many,1
morend,1
ofcourse,1
ğŸºğŸ¥‚ğŸ·ğŸ¥ƒ#party,1
#foodranchi,3
#like,2
Letâ€™s,1
go,1
green,1
Healthy,1
RanchiWith,1
365,1
organics,1
Hydroponically,1
grown,1
urban,1
farm,1
peso,1
alla,1
genovese,1
great,1
step,1
forward,1
towards,1
pesticide,1
free,2
farmingIt,1
comes,1
very,1
nice,1
hastle,1
packaging,1
doorstep,1
delivery,1
ğŸ‘Go,1
orders,1
now@365organicsin,1
Happy,1
Makar,1
Sankranti,1
Wishing,1
brings,1
luck,1
prosperity,1
hope,1
joyous,1
fills,1
days,1
ahead,1
happiness,1
everyone#MakarSankranti,1
Beautiful,1
@soros_ranchi,1
views,1
#reels#reelsinstagram#reelsvideo#reelsindia#holareels#reel#reelsteady#instagramreels#reelsinsta#instareels#reelsofinstagram#k#music#bhfyp#disney#tiktokindia#videoftheday#foodranchi,1
#insta360,1
Snow,1
Fall,1
Ring,1
#jharkhand,1
#snowfall,1
@theruinhouse,1
premium,1
Ranchi#reels,1
#love,1
#instagood,1
#explorepage,1
#tiktok,1
#follow,1
#photography,1
#reel,1
#followforfollowback,1
#likeforlikes,1
#fyp,1
#memes,1
#foryou,1
#reelsvideo,1
#fashion,1
#music,1
